{"activityLevel":180003,"activityList":[{"activeTime":1831000,"calorie":117.42999,"distance":2216.9502,"type":1001},{"activeTime":2378068,"calorie":125.58765,"distance":2928.714,"type":-1}],"age":27,"gender":"M","height":171.0,"stepCount":7084,"weight":65.1}