{"activityLevel":0,"activityList":[{"activeTime":3150831,"calorie":263.66998,"distance":3898.56,"type":1001},{"activeTime":3264469,"calorie":208.09709,"distance":3954.6267,"type":-1}],"age":26,"gender":"M","height":171.0,"stepCount":10396,"weight":66.8}