{"activityLevel":180003,"activityList":[{"activeTime":1679911,"calorie":127.07001,"distance":2374.8398,"type":1001},{"activeTime":1991279,"calorie":123.460014,"distance":2378.28,"type":-1}],"age":27,"gender":"M","height":171.0,"stepCount":6110,"weight":66.6}