{"activityLevel":0,"activityList":[{"a":1001,"b":391.04108,"c":5665.7983,"d":4564910},{"a":-1,"b":74.41445,"c":1385.2506,"d":1243451}],"age":25,"gender":"M","height":171.0,"stepCount":9085,"weight":70.0}