{"activityLevel":180003,"activityList":[{"activeTime":2202804,"calorie":209.11777,"distance":2535.111,"type":1001},{"activeTime":3637799,"calorie":197.73488,"distance":4520.687,"type":-1}],"age":28,"gender":"M","height":171.0,"stepCount":9426,"weight":67.1}