{"activityLevel":0,"activityList":[{"activeTime":3567128,"calorie":369.78503,"distance":4369.783,"type":1001},{"activeTime":2791685,"calorie":173.84773,"distance":3267.7349,"type":-1}],"age":26,"gender":"M","height":171.0,"stepCount":10133,"weight":66.8}