{"activityLevel":180003,"activityList":[{"activeTime":1299882,"calorie":122.0,"distance":1075.21,"type":1001},{"activeTime":696347,"calorie":41.039566,"distance":802.62915,"type":-1}],"age":27,"gender":"M","height":171.0,"stepCount":3035,"weight":66.3}