{"activityLevel":0,"activityList":[{"activeTime":1121946,"calorie":117.0,"distance":1277.07,"type":1002},{"activeTime":2697388,"calorie":198.34004,"distance":0.0,"type":0},{"activeTime":7877010,"calorie":634.0,"distance":8317.19,"type":1001},{"activeTime":2600324,"calorie":139.36119,"distance":2892.054,"type":-1}],"age":24,"gender":"M","height":171.0,"stepCount":18523,"weight":65.0}