{"activityLevel":0,"activityList":[{"activeTime":1258332,"calorie":102.31549,"distance":1448.2318,"type":1001},{"activeTime":2578941,"calorie":160.97318,"distance":2968.1143,"type":-1}],"age":26,"gender":"M","height":171.0,"stepCount":5931,"weight":72.0}