{"activityLevel":0,"activityList":[{"a":1001,"b":530.04004,"c":6718.9697,"d":6418543},{"a":-1,"b":385.54196,"c":6677.2153,"d":5359349}],"age":25,"gender":"M","height":171.0,"stepCount":18466,"weight":70.0}