{"activityLevel":180003,"activityList":[{"activeTime":8165835,"calorie":718.79004,"distance":10368.059,"type":1001},{"activeTime":5658271,"calorie":324.85208,"distance":6880.081,"type":-1}],"age":27,"gender":"M","height":171.0,"stepCount":22676,"weight":65.1}