{"activityLevel":0,"activityList":[{"activeTime":2448386,"calorie":204.01468,"distance":2835.1636,"type":1001},{"activeTime":3988736,"calorie":248.55273,"distance":4496.7036,"type":-1}],"age":26,"gender":"M","height":171.0,"stepCount":10054,"weight":72.0}