{"activityLevel":0,"activityList":[{"a":1002,"b":111.840004,"c":1619.98,"d":780000},{"a":1001,"b":78.229996,"c":1451.39,"d":1080000},{"a":-1,"b":131.69682,"c":2434.3608,"d":2308425}],"age":25,"gender":"M","height":171.0,"stepCount":6985,"weight":70.0}