{"activityLevel":180003,"activityList":[{"activeTime":2596735,"calorie":259.88223,"distance":2809.1387,"type":1001},{"activeTime":5475220,"calorie":301.15823,"distance":6589.6387,"type":-1}],"age":28,"gender":"M","height":171.0,"stepCount":12550,"weight":67.1}