{"activityLevel":0,"activityList":[{"a":1001,"b":904.64996,"c":13169.22,"d":11969127},{"a":-1,"b":358.09372,"c":6589.861,"d":5765947}],"age":25,"gender":"M","height":171.0,"stepCount":27550,"weight":70.0}