{"activityLevel":0,"activityList":[{"a":1001,"b":268.16998,"c":3770.6602,"d":3218466},{"a":-1,"b":211.24709,"c":3582.5645,"d":2824454}],"age":25,"gender":"M","height":171.0,"stepCount":9977,"weight":70.0}