{"activityLevel":180003,"activityList":[{"activeTime":3971338,"calorie":381.59088,"distance":4302.407,"type":1001},{"activeTime":1971646,"calorie":109.85279,"distance":2390.7727,"type":-1}],"age":28,"gender":"M","height":171.0,"stepCount":8842,"weight":66.6}