{"activityLevel":0,"activityList":[{"activeTime":3739898,"calorie":238.78001,"distance":5365.2305,"type":1001},{"activeTime":3577470,"calorie":215.35272,"distance":4188.6426,"type":-1}],"age":24,"gender":"M","height":171.0,"stepCount":12274,"weight":65.0}