{"activityLevel":0,"activityList":[{"activeTime":6797723,"calorie":504.52002,"distance":7505.67,"type":1001},{"activeTime":6194926,"calorie":364.30283,"distance":7256.599,"type":-1}],"age":24,"gender":"M","height":171.0,"stepCount":20591,"weight":70.0}