{"activityLevel":0,"activityList":[{"a":1001,"b":222.0,"c":2726.66,"d":2562494},{"a":-1,"b":38.273273,"c":744.66736,"d":657930}],"age":25,"gender":"M","height":171.0,"stepCount":4604,"weight":70.0}