{"activityLevel":0,"activityList":[{"a":1001,"b":105.880005,"c":1994.9199,"d":1536000},{"a":-1,"b":311.24347,"c":5872.6113,"d":4860636}],"age":25,"gender":"M","height":171.0,"stepCount":10418,"weight":70.0}