{"activityLevel":0,"activityList":[{"activeTime":4491000,"calorie":282.21002,"distance":5804.9697,"type":1001},{"activeTime":3296742,"calorie":196.44801,"distance":4057.5767,"type":-1}],"age":24,"gender":"M","height":171.0,"stepCount":12813,"weight":65.0}