{"activityLevel":180003,"activityList":[{"activeTime":3048556,"calorie":264.23102,"distance":3891.9058,"type":1001},{"activeTime":4500311,"calorie":294.79578,"distance":5705.2656,"type":-1}],"age":27,"gender":"M","height":171.0,"stepCount":12429,"weight":66.6}