{"activityLevel":0,"activityList":[{"a":1001,"b":99.729996,"c":2459.78,"d":1980000},{"a":-1,"b":36.960007,"c":845.74994,"d":755147}],"age":25,"gender":"M","height":171.0,"stepCount":4376,"weight":70.0}