{"activityLevel":0,"activityList":[{"activeTime":1606000,"calorie":114.71001,"distance":2173.3901,"type":1001},{"activeTime":2095618,"calorie":139.23434,"distance":2619.7695,"type":-1}],"age":24,"gender":"M","height":171.0,"stepCount":6344,"weight":70.0}