{"activityLevel":0,"activityList":[{"a":1001,"b":162.93341,"c":1879.5594,"d":1748979},{"a":-1,"b":255.81146,"c":4775.9995,"d":3926629}],"age":25,"gender":"M","height":171.0,"stepCount":8846,"weight":70.0}