{"activityLevel":0,"activityList":[{"activeTime":2181716,"calorie":183.86574,"distance":1950.8466,"type":1001},{"activeTime":1656134,"calorie":110.011284,"distance":1989.6039,"type":-1}],"age":24,"gender":"M","height":171.0,"stepCount":5234,"weight":70.0}