{"activityLevel":0,"activityList":[{"activeTime":2390652,"calorie":241.50824,"distance":2806.479,"type":1001},{"activeTime":5462760,"calorie":310.56537,"distance":6569.4487,"type":-1}],"age":26,"gender":"M","height":171.0,"stepCount":12469,"weight":72.0}