{"activityLevel":180003,"activityList":[{"activeTime":5223516,"calorie":762.0,"distance":10332.55,"type":1002},{"activeTime":2313278,"calorie":210.22778,"distance":2962.7527,"type":1001},{"activeTime":1882535,"calorie":113.046524,"distance":2269.7969,"type":-1}],"age":28,"gender":"M","height":171.0,"stepCount":18258,"weight":66.6}