{"activityLevel":0,"activityList":[{"a":1001,"b":245.0,"c":2940.14,"d":2774322},{"a":-1,"b":29.745228,"c":540.63654,"d":473623}],"age":25,"gender":"M","height":171.0,"stepCount":4658,"weight":70.0}