{"activityLevel":180003,"activityList":[{"activeTime":2391000,"calorie":162.51001,"distance":3389.48,"type":1001},{"activeTime":3065868,"calorie":188.44533,"distance":3614.0527,"type":-1}],"age":27,"gender":"M","height":171.0,"stepCount":9088,"weight":65.1}