{"activityLevel":0,"activityList":[{"activeTime":8018033,"calorie":716.20386,"distance":9678.844,"type":1001},{"activeTime":2733874,"calorie":169.24408,"distance":3071.2346,"type":-1}],"age":24,"gender":"M","height":171.0,"stepCount":18008,"weight":70.0}