{"activityLevel":180003,"activityList":[{"activeTime":1499787,"calorie":78.740005,"distance":2061.76,"type":1001},{"activeTime":3068968,"calorie":157.75998,"distance":3858.709,"type":-1}],"age":28,"gender":"M","height":171.0,"stepCount":7548,"weight":66.6}