{"activityLevel":0,"activityList":[{"a":1001,"b":662.60004,"c":9289.31,"d":8369277},{"a":-1,"b":210.50891,"c":3820.1707,"d":3460862}],"age":25,"gender":"M","height":171.0,"stepCount":18451,"weight":70.0}