{"activityLevel":0,"activityList":[{"a":1001,"b":344.31998,"c":8521.98,"d":7064000},{"a":-1,"b":368.25803,"c":8859.975,"d":7401586}],"age":25,"gender":"M","height":171.0,"stepCount":23110,"weight":70.0}