{"activityLevel":180003,"activityList":[{"activeTime":2233326,"calorie":206.0,"distance":2905.3901,"type":1001},{"activeTime":863323,"calorie":48.991985,"distance":983.80414,"type":-1}],"age":27,"gender":"M","height":171.0,"stepCount":5171,"weight":65.1}