{"activityLevel":180003,"activityList":[{"activeTime":3356825,"calorie":261.40784,"distance":3933.6663,"type":1001},{"activeTime":1887789,"calorie":115.99445,"distance":2198.2715,"type":-1}],"age":27,"gender":"M","height":171.0,"stepCount":8247,"weight":66.3}