{"activityLevel":0,"activityList":[{"a":1001,"b":113.770004,"c":2154.8,"d":1754000},{"a":-1,"b":71.00783,"c":1335.0876,"d":1168870}],"age":25,"gender":"M","height":171.0,"stepCount":4564,"weight":70.0}