{"activityLevel":180003,"activityList":[{"activeTime":3199098,"calorie":308.63818,"distance":3683.2368,"type":1001},{"activeTime":5494337,"calorie":322.90872,"distance":6997.023,"type":-1}],"age":28,"gender":"M","height":171.0,"stepCount":13509,"weight":67.1}