{"activityLevel":180003,"activityList":[{"activeTime":2121195,"calorie":185.11104,"distance":2343.393,"type":1001},{"activeTime":1616583,"calorie":92.33253,"distance":1937.6544,"type":-1}],"age":28,"gender":"M","height":171.0,"stepCount":5700,"weight":66.6}