{"activityLevel":0,"activityList":[{"a":1001,"b":482.34695,"c":6761.8545,"d":5766990},{"a":-1,"b":66.795135,"c":1210.8158,"d":1047004}],"age":25,"gender":"M","height":171.0,"stepCount":10566,"weight":70.0}