{"activityLevel":180003,"activityList":[{"activeTime":3724024,"calorie":830.0,"distance":10450.33,"type":1002},{"activeTime":5114125,"calorie":450.88895,"distance":5430.787,"type":1001},{"activeTime":3762885,"calorie":208.12303,"distance":4459.3926,"type":-1}],"age":28,"gender":"M","height":171.0,"stepCount":22968,"weight":66.6}