{"activityLevel":180003,"activityList":[{"activeTime":660000,"calorie":41.4,"distance":810.47003,"type":1001},{"activeTime":5885546,"calorie":371.35004,"distance":7089.3677,"type":-1}],"age":27,"gender":"M","height":171.0,"stepCount":10246,"weight":66.6}