{"activityLevel":180003,"activityList":[{"activeTime":2811744,"calorie":233.0,"distance":2409.13,"type":1001},{"activeTime":1345498,"calorie":130.01749,"distance":0.0,"type":0},{"activeTime":3094930,"calorie":168.78474,"distance":3340.3442,"type":-1}],"age":28,"gender":"M","height":171.0,"stepCount":10119,"weight":66.6}