{"activityLevel":180003,"activityList":[{"activeTime":5796772,"calorie":480.01672,"distance":7074.108,"type":1001},{"activeTime":5317483,"calorie":312.43204,"distance":6226.7134,"type":-1}],"age":27,"gender":"M","height":171.0,"stepCount":17721,"weight":65.1}