{"activityLevel":0,"activityList":[{"a":1001,"b":403.41827,"c":4981.3,"d":4661067},{"a":-1,"b":392.34445,"c":7295.744,"d":6336861}],"age":25,"gender":"M","height":171.0,"stepCount":17189,"weight":70.0}