{"activityLevel":0,"activityList":[{"activeTime":1612000,"calorie":124.229996,"distance":2166.26,"type":1001},{"activeTime":5532585,"calorie":376.16333,"distance":6962.8555,"type":-1}],"age":27,"gender":"M","height":171.0,"stepCount":11907,"weight":65.1}