{"activityLevel":0,"activityList":[{"a":1001,"b":458.53003,"c":7912.3696,"d":6432264},{"a":-1,"b":464.45938,"c":8193.598,"d":6553160}],"age":25,"gender":"M","height":171.0,"stepCount":21511,"weight":70.0}