{"activityLevel":180003,"activityList":[{"activeTime":5390795,"calorie":476.51105,"distance":5610.8013,"type":1001},{"activeTime":4901594,"calorie":255.69685,"distance":5581.7544,"type":-1}],"age":28,"gender":"M","height":171.0,"stepCount":16445,"weight":66.6}