{"activityLevel":0,"activityList":[{"a":1001,"b":951.55005,"c":12402.101,"d":11492730},{"a":-1,"b":575.75964,"c":10424.708,"d":8957612}],"age":25,"gender":"M","height":171.0,"stepCount":30897,"weight":70.0}