{"activityLevel":0,"activityList":[{"a":1001,"b":196.44699,"c":2617.4739,"d":2182079},{"a":-1,"b":256.36472,"c":5273.4487,"d":4529963}],"age":25,"gender":"M","height":171.0,"stepCount":10545,"weight":70.0}