{"activityLevel":0,"activityList":[{"a":1002,"b":123.0,"c":1313.9,"d":862051},{"a":1001,"b":112.0,"c":1391.45,"d":1301889},{"a":-1,"b":10.627238,"c":223.91147,"d":209938}],"age":25,"gender":"M","height":171.0,"stepCount":3980,"weight":70.0}