{"activityLevel":180003,"activityList":[{"activeTime":5709683,"calorie":541.0,"distance":6930.75,"type":1001},{"activeTime":692146,"calorie":41.950558,"distance":809.23267,"type":-1}],"age":28,"gender":"M","height":171.0,"stepCount":10148,"weight":66.6}