{"activityLevel":180003,"activityList":[{"activeTime":3627829,"calorie":341.77222,"distance":4134.097,"type":1001},{"activeTime":2237824,"calorie":141.61725,"distance":2870.5007,"type":-1}],"age":28,"gender":"M","height":171.0,"stepCount":9196,"weight":66.6}