{"activityLevel":0,"activityList":[{"activeTime":4594171,"calorie":436.00076,"distance":5560.3784,"type":1001},{"activeTime":3992135,"calorie":228.03113,"distance":4730.0015,"type":-1}],"age":26,"gender":"M","height":171.0,"stepCount":13714,"weight":72.0}