{"activityLevel":0,"activityList":[{"a":1001,"b":195.60999,"c":3694.94,"d":2819799},{"a":-1,"b":392.51996,"c":7311.3887,"d":6115762}],"age":25,"gender":"M","height":171.0,"stepCount":14694,"weight":70.0}