{"activityLevel":180003,"activityList":[{"activeTime":2537594,"calorie":234.98901,"distance":3257.6074,"type":1001},{"activeTime":2133804,"calorie":132.50572,"distance":2725.1343,"type":-1}],"age":28,"gender":"M","height":171.0,"stepCount":7243,"weight":68.1}