{"activityLevel":0,"activityList":[{"a":1001,"b":213.81042,"c":3013.9258,"d":1574843},{"a":-1,"b":154.62001,"c":2836.4402,"d":2085418}],"age":25,"gender":"M","height":171.0,"stepCount":7304,"weight":70.0}