{"activityLevel":0,"activityList":[{"activeTime":1263106,"calorie":120.076004,"distance":1516.2078,"type":1001},{"activeTime":3762173,"calorie":243.91956,"distance":4437.167,"type":-1}],"age":26,"gender":"M","height":171.0,"stepCount":7906,"weight":72.0}